DateTime,Entries,UniqueIPs
1591684836,74,74
1591686983,77,77
1591688902,77,77
1591690890,78,78
1591692744,76,76
1591694661,75,75
1591696615,96,96
1591698521,97,97
1591700606,100,100
1591702590,103,103
1591704754,103,103
1591706652,102,102
1591708573,100,100
1591710511,99,99
1591712417,101,101
1591714339,100,100
1591716269,100,100
1591718177,100,100
1591720091,100,100
1591722161,102,102
1591724184,102,102
1591726372,101,101
1591728259,103,103
1591730176,102,102
1591732110,103,103
1591734014,105,105
1591735938,107,107
1591737765,107,107
1591739782,106,106
1591741710,106,106
1591743828,106,106
1591745774,108,108
1591747760,108,108
1591749621,108,108
1591751531,105,105
1591753472,101,101
1591755381,99,99
1591757308,102,102
1591759231,103,103
1591761139,103,103
1591763074,105,105
1591765016,103,103
1591766900,104,104
1591769116,103,103
1591770976,99,99
1591772934,96,96
1591774827,96,96
1591778667,97,97
1591780597,99,99
1591782495,99,99
1591784436,77,77
1591786335,76,76
1591788257,71,71
1591790189,69,69
1591792386,71,71
1591794408,73,73
1591796212,74,74
1591798260,71,71
1591800359,72,72
1591802197,73,73
1591804092,68,68
1591806015,71,71
1591807949,68,68
1591809876,68,68
1591811791,67,67
1591813710,64,64
1591815777,65,65
1591817772,66,66
1591819713,64,64
1591821618,60,60
1591823533,60,60
1591825486,62,62
1591827371,62,62
1591831228,64,64
1591834108,63,63
1591836012,62,62
1591837934,65,65
1591839864,65,65
1591841777,65,65
1591843695,63,63
1591845623,62,62
1591847533,60,60
1591849458,58,58
1591851384,58,58
1591853295,58,58
1591856170,61,61
1591858377,69,69
1591860257,70,70
1591862190,70,70
1591864098,70,70
1591866175,71,71
1591868041,71,71
1591869865,73,73
1591873718,73,73
1591875615,79,79
1591877568,81,81
1591879474,75,75
1591881374,72,72
1591883320,74,74
1591885215,73,73
1591887141,72,72
1591891003,73,73
1591893265,76,76
1591895076,75,75
1591896977,77,77
1591898898,78,78
1591900825,79,79
1591902739,78,78
1591904655,80,80
1591906585,81,81
1591908504,80,80
1591910433,79,79
1591912337,80,80
1591914268,81,81
1591916225,80,80
1591918096,78,78
1591920179,77,77
1591924090,76,76
1591926009,75,75
1591927944,75,75
1591929914,77,77
1591933713,76,76
1591939472,75,75
1591941367,72,72
1591943293,67,67
1591945380,66,66
1591947382,65,65
1591949290,65,65
1591951210,65,65
1591953147,65,65
1591955054,63,63
1591957243,61,61
1591961082,59,59
1591962980,58,58
1591964901,58,58
1591967074,57,57
1591968993,57,57
1591970930,57,57
1591972816,58,58
1591975021,58,58
1591976982,59,59
1591978828,58,58
1591980741,57,57
1591982655,55,55
1591984602,53,53
1591986494,52,52
1591989377,52,52
1591991296,50,50
1591993226,49,49
1591995152,52,52
1591997056,51,51
1591998992,50,50
1592000927,54,54
1592003000,56,56
1592004972,56,56
1592010977,54,54
1592012923,57,57
1592014821,57,57
1592016742,55,55
1592018690,57,57
1592024680,64,64
1592026577,67,67
1592028511,66,66
1592030409,67,67
1592032583,65,65
1592036428,63,63
1592038340,65,65
1592040258,64,64
1592042195,65,65
1592044095,68,68
1592046986,71,71
1592048899,69,69
1592050831,67,67
1592052740,66,66
1592054658,68,68
1592056591,67,67
1592058498,66,66
1592060669,70,70
1592062587,70,70
1592064547,71,71
1592066414,71,71
1592068378,72,72
1592070258,74,74
1592072181,74,74
1592074109,72,72
1592076011,73,73
1592077934,71,71
1592080018,72,72
1592082976,72,72
1592084943,71,71
1592086818,68,68
1592088763,67,67
1592090698,66,66
1592092573,68,68
1592094493,72,72
1592097380,72,72
1592099313,69,69
1592101240,68,68
1592103137,70,70
1592105071,69,69
1592108897,70,70
1592111088,68,68
1592112994,65,65
1592114904,66,66
1592116833,66,66
1592118746,68,68
1592120654,69,69
1592122579,71,71
1592124510,70,70
1592126415,70,70
1592128336,68,68
1592130276,66,66
1592132173,65,65
1592134093,64,64
1592136289,64,64
1592138366,66,66
1592140230,66,66
1592143386,67,67
1592145389,64,64
1592147296,63,63
1592149217,63,63
1592151149,62,62
1592153053,62,62
1592154971,65,65
1592156908,67,67
1592158812,66,66
1592160761,67,67
1592162671,69,69
1592164582,68,68
1592166517,68,68
1592168593,71,71
1592170598,72,72
1592172494,71,71
1592174412,71,71
1592176348,70,70
1592178256,73,73
1592180179,71,71
1592182106,71,71
1592184009,72,72
1592185946,77,77
1592187855,77,77
1592189774,75,75
1592191706,75,75
1592195532,75,75
1592197470,71,71
1592199369,70,70
1592201323,71,71
1592203253,71,71
1592205150,73,73
1592207079,75,75
1592208972,74,74
1592210902,73,73
1592212829,75,75
1592214774,76,76
1592216654,77,77
1592218593,76,76
1592220498,77,77
1592222486,79,79
1592224375,80,80
1592226279,79,79
1592228179,77,77
1592232019,77,77
1592234577,78,78
1592236619,77,77
1592238499,76,76
1592240569,72,72
1592242572,71,71
1592244515,73,73
1592246412,77,77
1592248335,75,75
1592250281,76,76
1592252183,79,79
1592254099,78,78
1592256052,76,76
1592258951,77,77
1592260814,78,78
1592262733,80,80
1592264671,78,78
1592266578,80,80
1592268498,77,77
1592270564,75,75
1592272598,69,69
1592274506,70,70
1592278578,71,71
1592280517,72,72
1592282422,74,74
1592284335,74,74
1592286278,75,75
1592288422,76,76
1592290355,75,75
1592292282,71,71
1592294187,69,69
1592296118,71,71
1592299013,70,70
1592300917,69,69
1592302819,67,67
1592304742,71,71
1592306681,70,70
1592308600,68,68
1592310826,69,69
1592312926,69,69
1592314826,71,71
1592316765,74,74
1592318724,72,72
1592320604,70,70
1592322535,71,71
1592324427,69,69
1592326344,68,68
1592328280,67,67
1592330180,69,69
1592332424,63,63
1592334408,63,63
1592336460,63,63
1592338335,60,60
1592340323,61,61
1592342183,62,62
1592344093,59,59
1592346036,58,58
1592347936,57,57
1592349858,58,58
1592351827,57,57
1592353947,58,58
1592357920,60,60
1592360002,61,61
1592361868,60,60
1592363774,60,60
1592365720,61,61
1592367616,60,60
1592369537,58,58
1592371516,56,56
1592373387,56,56
1592375547,57,57
1592377494,56,56
1592381310,58,58
1592383251,57,57
1592385165,59,59
1592387084,59,59
1592390909,56,56
1592392842,59,59
1592394764,62,62
1592396686,59,59
1592398579,58,58
1592400682,59,59
1592402668,57,57
1592408418,57,57
1592410415,57,57
1592412264,58,58
1592414176,57,57
1592416133,56,56
1592419939,56,56
1592421914,56,56
1592423784,57,57
1592425701,57,57
1592427836,53,53
1592429956,53,53
1592431936,56,56
1592433885,54,54
1592435784,54,54
1592439654,53,53
1592441560,57,57
1592443462,57,57
1592445415,58,58
1592447302,58,58
1592449391,56,56
1592451395,57,57
1592453318,59,59
1592455217,60,60
1592457135,62,62
1592459113,62,62
1592461223,61,61
1592463216,60,60
1592465078,63,63
1592466983,63,63
1592468899,60,60
1592471084,60,60
1592472994,58,58
1592474904,63,63
1592476824,62,62
1592478754,64,64
1592480660,61,61
1592482580,60,60
1592484565,63,63
1592486425,62,62
1592488348,62,62
1592490298,62,62
1592494107,63,63
1592496228,63,63
1592498193,67,67
1592500111,70,70
1592502019,71,71
1592503954,73,73
1592505857,73,73
1592507788,72,72
1592509716,73,73
1592511615,74,74
1592513637,76,76
1592515486,77,77
1592517376,75,75
1592519218,76,76
1592521475,74,74
1592523401,75,75
1592525347,74,74
1592527234,72,72
1592529187,76,76
1592531057,75,75
1592533078,74,74
1592536827,75,75
1592538750,73,73
1592540712,73,73
1592542617,73,73
1592544505,72,72
1592546613,72,72
1592550519,71,71
1592552420,68,68
1592556280,67,67
1592558483,69,69
1592560344,67,67
1592562279,65,65
1592564210,65,65
1592566103,67,67
1592568293,70,70
1592570185,68,68
1592572113,67,67
1592574047,70,70
1592575938,69,69
1592577886,70,70
1592579775,70,70
1592581946,69,69
1592583859,67,67
1592585831,63,63
1592587701,66,66
1592589949,65,65
1592591771,67,67
1592593714,69,69
1592595617,66,66
1592597531,64,64
1592599479,64,64
1592601378,63,63
1592605242,62,62
1592607134,63,63
1592611046,63,63
1592612891,63,63
1592614977,56,56
1592616973,56,56
1592618921,55,55
1592620819,58,58
1592622753,59,59
1592624654,58,58
1592626574,58,58
1592628514,57,57
1592630411,56,56
1592632345,56,56
1592636174,55,55
1592638132,56,56
1592640049,57,57
1592642042,59,59
1592643871,58,58
1592645794,57,57
1592647727,59,59
1592649616,62,62
1592651532,59,59
1592653475,56,56
1592655622,53,53
1592657621,54,54
1592659780,53,53
1592661953,53,53
1592663859,55,55
1592665978,55,55
1592667867,56,56
1592669799,57,57
1592671708,57,57
1592673615,56,56
1592675587,54,54
1592677516,52,52
1592679381,52,52
1592681344,53,53
1592685393,53,53
1592687327,53,53
1592689221,54,54
1592691136,54,54
1592694984,54,54
1592696906,56,56
1592698875,58,58
1592700745,62,62
1592702661,61,61
1592704610,65,65
1592706529,64,64
1592708602,63,63
1592710574,63,63
1592712506,62,62
1592714422,61,61
1592716360,63,63
1592718266,62,62
1592722150,65,65
1592724015,64,64
1592725981,66,66
1592727890,64,64
1592729779,63,63
1592731730,62,62
1592733784,62,62
